{
    "name": "hopo:underwater_city",
    "fallback": "hopo:underwater_city",
    "elements": [
        {       
            "weight": 90,
            "element": {
                "element_type": "minecraft:single_pool_element",
                "location": "hopo:underwater_city/copper/1",
                "projection": "rigid",
                "processors": "hopo:path/detail"
            }
        },
        {
            "weight": 90,
            "element": {
                "element_type": "minecraft:single_pool_element",
                "location": "hopo:underwater_city/copper/2",
                "projection": "rigid",
                "processors": "hopo:path/detail"
            }
        },
        {
            "weight": 90,
            "element": {
                "element_type": "minecraft:single_pool_element",
                "location": "hopo:underwater_city/copper/3",
                "projection": "rigid",
                "processors": "hopo:path/detail"
            }
        },
        {
            "weight": 90,
            "element": {
                "element_type": "minecraft:single_pool_element",
                "location": "hopo:underwater_city/copper/4",
                "projection": "rigid",
                "processors": "hopo:path/detail"
            }
        },
        {       
            "weight": 90,
            "element": {
                "element_type": "minecraft:single_pool_element",
                "location": "hopo:underwater_city/coral/1",
                "projection": "rigid",
                "processors": "hopo:path/detail"
            }
        },
        {
            "weight": 90,
            "element": {
                "element_type": "minecraft:single_pool_element",
                "location": "hopo:underwater_city/coral/2",
                "projection": "rigid",
                "processors": "hopo:path/detail"
            }
        },
        {
            "weight": 90,
            "element": {
                "element_type": "minecraft:single_pool_element",
                "location": "hopo:underwater_city/coral/3",
                "projection": "rigid",
                "processors": "hopo:path/detail"
            }
        },
        {       
            "weight": 90,
            "element": {
                "element_type": "minecraft:single_pool_element",
                "location": "hopo:underwater_city/food/1",
                "projection": "rigid",
                "processors": "hopo:path/detail"
            }
        },
        {
            "weight": 90,
            "element": {
                "element_type": "minecraft:single_pool_element",
                "location": "hopo:underwater_city/food/2",
                "projection": "rigid",
                "processors": "hopo:path/detail"
            }
        },
        {
            "weight": 90,
            "element": {
                "element_type": "minecraft:single_pool_element",
                "location": "hopo:underwater_city/food/3",
                "projection": "rigid",
                "processors": "hopo:path/detail"
            }
        },
        {
            "weight": 90,
            "element": {
                "element_type": "minecraft:single_pool_element",
                "location": "hopo:underwater_city/food/4",
                "projection": "rigid",
                "processors": "hopo:path/detail"
            }
        },
        {       
            "weight": 95,
            "element": {
                "element_type": "minecraft:single_pool_element",
                "location": "hopo:underwater_city/materials/1",
                "projection": "rigid",
                "processors": "hopo:path/detail"
            }
        },
        {
            "weight": 95,
            "element": {
                "element_type": "minecraft:single_pool_element",
                "location": "hopo:underwater_city/materials/2",
                "projection": "rigid",
                "processors": "hopo:path/detail"
            }
        },
        {
            "weight": 95,
            "element": {
                "element_type": "minecraft:single_pool_element",
                "location": "hopo:underwater_city/materials/3",
                "projection": "rigid",
                "processors": "hopo:path/detail"
            }
        },
        {
            "weight": 95,
            "element": {
                "element_type": "minecraft:single_pool_element",
                "location": "hopo:underwater_city/materials/4",
                "projection": "rigid",
                "processors": "hopo:path/detail"
            }
        },
        {
            "weight": 95,
            "element": {
                "element_type": "minecraft:single_pool_element",
                "location": "hopo:underwater_city/materials/5",
                "projection": "rigid",
                "processors": "hopo:path/detail"
            }
        },
        {
            "weight": 100,
            "element": {
                "element_type": "minecraft:single_pool_element",
                "location": "hopo:underwater_city/prismarine/3",
                "projection": "rigid",
                "processors": "hopo:path/detail"
            }
        },
        {
            "weight": 88,
            "element": {
                "element_type": "minecraft:single_pool_element",
                "location": "hopo:underwater_city/prismarine/4",
                "projection": "rigid",
                "processors": "hopo:path/detail"
            }
        },
        {  
            "weight": 98,
            "element": {
                "element_type": "minecraft:single_pool_element",
                "location": "hopo:underwater_city/path/1",
                "projection": "rigid",
                "processors": "hopo:path/detail"
            }
        },
        {
            "weight": 87,
            "element": {
                "element_type": "minecraft:single_pool_element",
                "location": "hopo:underwater_city/path/2",
                "projection": "rigid",
                "processors": "hopo:path/detail"
            }
        },
        {
            "weight": 98,
            "element": {
                "element_type": "minecraft:single_pool_element",
                "location": "hopo:underwater_city/path/3",
                "projection": "rigid",
                "processors": "hopo:path/detail"
            }
        },
        {
            "weight": 98,
            "element": {
                "element_type": "minecraft:single_pool_element",
                "location": "hopo:underwater_city/path/4",
                "projection": "rigid",
                "processors": "hopo:path/detail"
            }
        },
        {
            "weight": 80,
            "element": {
                "element_type": "minecraft:single_pool_element",
                "location": "hopo:underwater_city/small/cold_c_1",
                "projection": "rigid",
                "processors": "hopo:path/detail"
            }
        },
        {
            "weight": 77,
            "element": {
                "element_type": "minecraft:single_pool_element",
                "location": "hopo:underwater_city/small/cold_c_2",
                "projection": "rigid",
                "processors": "hopo:path/detail"
            }
        },
        {
            "weight": 77,
            "element": {
                "element_type": "minecraft:single_pool_element",
                "location": "hopo:underwater_city/small/cold_c_3",
                "projection": "rigid",
                "processors": "hopo:path/detail"
            }
        },
        {
            "weight": 77,
            "element": {
                "element_type": "minecraft:single_pool_element",
                "location": "hopo:underwater_city/small/cold_c_4",
                "projection": "rigid",
                "processors": "hopo:path/detail"
            }
        },
        {
            "weight": 77,
            "element": {
                "element_type": "minecraft:single_pool_element",
                "location": "hopo:underwater_city/small/cold_c_5",
                "projection": "rigid",
                "processors": "hopo:path/detail"
            }
        },
        {
            "weight": 96,
            "element": {
                "element_type": "minecraft:single_pool_element",
                "location": "hopo:underwater_city/small/cold_31",
                "projection": "rigid",
                "processors": "hopo:path/detail"
            }
        },
        {
            "weight": 96,
            "element": {
                "element_type": "minecraft:single_pool_element",
                "location": "hopo:underwater_city/small/cold_32",
                "projection": "rigid",
                "processors": "hopo:path/detail"
            }
        },
        {
            "weight": 96,
            "element": {
                "element_type": "minecraft:single_pool_element",
                "location": "hopo:underwater_city/small/cold_33",
                "projection": "rigid",
                "processors": "hopo:path/detail"
            }
        },
        {
            "weight": 96,
            "element": {
                "element_type": "minecraft:single_pool_element",
                "location": "hopo:underwater_city/small/cold_34",
                "projection": "rigid",
                "processors": "hopo:path/detail"
            }
        },
        {
            "weight": 96,
            "element": {
                "element_type": "minecraft:single_pool_element",
                "location": "hopo:underwater_city/small/cold_35",
                "projection": "rigid",
                "processors": "hopo:path/detail"
            }
        },
        {
            "weight": 96,
            "element": {
                "element_type": "minecraft:single_pool_element",
                "location": "hopo:underwater_city/small/cold_36",
                "projection": "rigid",
                "processors": "hopo:path/detail"
            }
        },
        {
            "weight": 96,
            "element": {
                "element_type": "minecraft:single_pool_element",
                "location": "hopo:underwater_city/small/cold_37",
                "projection": "rigid",
                "processors": "hopo:path/detail"
            }
        },
        {
            "weight": 96,
            "element": {
                "element_type": "minecraft:single_pool_element",
                "location": "hopo:underwater_city/small/cold_38",
                "projection": "rigid",
                "processors": "hopo:path/detail"
            }
        },
        {
            "weight": 96,
            "element": {
                "element_type": "minecraft:single_pool_element",
                "location": "hopo:underwater_city/small/cold_39",
                "projection": "rigid",
                "processors": "hopo:path/detail"
            }
        },
        {
            "weight": 96,
            "element": {
                "element_type": "minecraft:single_pool_element",
                "location": "hopo:underwater_city/small/cold_40",
                "projection": "rigid",
                "processors": "hopo:path/detail"
            }
        },
        {
            "weight": 96,
            "element": {
                "element_type": "minecraft:single_pool_element",
                "location": "hopo:underwater_city/small/cold_41",
                "projection": "rigid",
                "processors": "hopo:path/detail"
            }
        },        {
            "weight": 96,
            "element": {
                "element_type": "minecraft:single_pool_element",
                "location": "hopo:underwater_city/small/cold_42",
                "projection": "rigid",
                "processors": "hopo:path/detail"
            }
        },        {
            "weight": 96,
            "element": {
                "element_type": "minecraft:single_pool_element",
                "location": "hopo:underwater_city/small/cold_43",
                "projection": "rigid",
                "processors": "hopo:path/detail"
            }
        },        {
            "weight": 96,
            "element": {
                "element_type": "minecraft:single_pool_element",
                "location": "hopo:underwater_city/small/cold_44",
                "projection": "rigid",
                "processors": "hopo:path/detail"
            }
        },        {
            "weight": 96,
            "element": {
                "element_type": "minecraft:single_pool_element",
                "location": "hopo:underwater_city/small/cold_45",
                "projection": "rigid",
                "processors": "hopo:path/detail"
            }
        },        {
            "weight": 96,
            "element": {
                "element_type": "minecraft:single_pool_element",
                "location": "hopo:underwater_city/small/cold_46",
                "projection": "rigid",
                "processors": "hopo:path/detail"
            }
        },        {
            "weight": 96,
            "element": {
                "element_type": "minecraft:single_pool_element",
                "location": "hopo:underwater_city/small/cold_47",
                "projection": "rigid",
                "processors": "hopo:path/detail"
            }
        },        {
            "weight": 96,
            "element": {
                "element_type": "minecraft:single_pool_element",
                "location": "hopo:underwater_city/small/cold_48",
                "projection": "rigid",
                "processors": "hopo:path/detail"
            }
        },        {
            "weight": 96,
            "element": {
                "element_type": "minecraft:single_pool_element",
                "location": "hopo:underwater_city/small/cold_49",
                "projection": "rigid",
                "processors": "hopo:path/detail"
            }
        },        {
            "weight": 96,
            "element": {
                "element_type": "minecraft:single_pool_element",
                "location": "hopo:underwater_city/small/cold_50",
                "projection": "rigid",
                "processors": "hopo:path/detail"
            }
        }
    ]
}