{
  "type": "minecraft:mul",
  "argument1": {
    "type": "minecraft:add",
    "argument1": {
      "type": "minecraft:mul",
      "argument1": {
        "type": "minecraft:add",
        "argument1": {
          "type": "minecraft:mul",
          "argument1": {
            "type": "minecraft:clamp",
            "input": {
              "type": "minecraft:mul",
              "argument1": {
                "type": "minecraft:add",
                "argument1": {
                  "type": "minecraft:add",
                  "argument1": {
                    "type": "minecraft:add",
                    "argument1": {
                      "type": "minecraft:y_clamped_gradient",
                      "from_y": 48,
                      "to_y": 56,
                      "from_value": 0.1,
                      "to_value": 0
                    },
                    "argument2": {
                      "type": "minecraft:y_clamped_gradient",
                      "from_y": 68,
                      "to_y": 76,
                      "from_value": 0,
                      "to_value": 0.1
                    }
                  },
                  "argument2": -0.45
                },
                "argument2": {
                  "type": "minecraft:shifted_noise",
                  "noise": "tectonic:pillar/location",
                  "xz_scale": 15,
                  "y_scale": 0.3,
                  "shift_x": {
                    "type": "minecraft:add",
                    "argument1": "minecraft:shift_x",
                    "argument2": {
                      "type": "minecraft:mul",
                      "argument1": {
                        "type": "minecraft:y_clamped_gradient",
                        "from_y": 48,
                        "to_y": 76,
                        "from_value": -80,
                        "to_value": 80
                      },
                      "argument2": {
                        "type": "minecraft:noise",
                        "noise": "tectonic:pillar/shift_x",
                        "xz_scale": 0.25,
                        "y_scale": 0
                      }
                    }
                  },
                  "shift_y": 0,
                  "shift_z": {
                    "type": "minecraft:add",
                    "argument1": "minecraft:shift_z",
                    "argument2": {
                      "type": "minecraft:mul",
                      "argument1": {
                        "type": "minecraft:y_clamped_gradient",
                        "from_y": 48,
                        "to_y": 76,
                        "from_value": -80,
                        "to_value": 80
                      },
                      "argument2": {
                        "type": "minecraft:noise",
                        "noise": "tectonic:pillar/shift_z",
                        "xz_scale": 0.25,
                        "y_scale": 0
                      }
                    }
                  }
                }
              },
              "argument2": -100
            },
            "min": 0,
            "max": 1
          },
          "argument2": -1
        },
        "argument2": 1
      },
      "argument2": {
        "type": "minecraft:spline",
        "spline": {
          "coordinate": "tectonic:legacy/erosion_folded",
          "points": [
            {
              "location": 0.15,
              "derivative": 0,
              "value": 1
            },
            {
              "location": 0.2,
              "derivative": 0,
              "value": 0
            }
          ]
        }
      }
    },
    "argument2": -1
  },
  "argument2": -1
}
