{
	"pools": [
		{
			"rolls": {
				"min": 1,
				"max": 3
			},
			"entries": [
				{
					"type": "minecraft:item",
					"weight": 1,
					"name": "minecraft:music_disc_stal"
				},
				{
					"type": "minecraft:item",
					"weight": 1,
					"name": "minecraft:music_disc_mellohi"
				},
				{
					"type": "minecraft:item",
					"weight": 1,
					"name": "minecraft:music_disc_mall"
				},
				{
					"type": "minecraft:item",
					"weight": 1,
					"name": "minecraft:music_disc_far"
				},
				{
					"type": "minecraft:item",
					"weight": 1,
					"name": "minecraft:music_disc_chirp"
				},
				{
					"type": "minecraft:item",
					"weight": 1,
					"name": "minecraft:music_disc_cat"
				}
			]
		}
	]
}
