{
  "elements": [
    {
      "element": {
        "element_type": "minecraft:single_pool_element",
        "location": "minecraft:village/trail/buildings/group_hall_1",
        "processors": "minecraft:trail_ruins_houses_archaeology",
        "projection": "rigid"
      },
      "weight": 1
    },
    {
      "element": {
        "element_type": "minecraft:single_pool_element",
        "location": "minecraft:village/trail/buildings/group_hall_2",
        "processors": "minecraft:trail_ruins_houses_archaeology",
        "projection": "rigid"
      },
      "weight": 1
    },
    {
      "element": {
        "element_type": "minecraft:single_pool_element",
        "location": "minecraft:village/trail/buildings/group_hall_3",
        "processors": "minecraft:trail_ruins_houses_archaeology",
        "projection": "rigid"
      },
      "weight": 1
    },
    {
      "element": {
        "element_type": "minecraft:single_pool_element",
        "location": "minecraft:village/trail/buildings/group_hall_4",
        "processors": "minecraft:trail_ruins_houses_archaeology",
        "projection": "rigid"
      },
      "weight": 1
    },
    {
      "element": {
        "element_type": "minecraft:single_pool_element",
        "location": "minecraft:village/trail/buildings/group_hall_5",
        "processors": "minecraft:trail_ruins_houses_archaeology",
        "projection": "rigid"
      },
      "weight": 1
    },
    {
      "element": {
        "element_type": "minecraft:single_pool_element",
        "location": "minecraft:village/trail/buildings/large_room_1",
        "processors": "minecraft:trail_ruins_houses_archaeology",
        "projection": "rigid"
      },
      "weight": 1
    },
    {
      "element": {
        "element_type": "minecraft:single_pool_element",
        "location": "minecraft:village/trail/buildings/large_room_2",
        "processors": "minecraft:trail_ruins_houses_archaeology",
        "projection": "rigid"
      },
      "weight": 1
    },
    {
      "element": {
        "element_type": "minecraft:single_pool_element",
        "location": "minecraft:village/trail/buildings/large_room_3",
        "processors": "minecraft:trail_ruins_houses_archaeology",
        "projection": "rigid"
      },
      "weight": 1
    },
    {
      "element": {
        "element_type": "minecraft:single_pool_element",
        "location": "minecraft:village/trail/buildings/large_room_4",
        "processors": "minecraft:trail_ruins_houses_archaeology",
        "projection": "rigid"
      },
      "weight": 1
    },
    {
      "element": {
        "element_type": "minecraft:single_pool_element",
        "location": "minecraft:village/trail/buildings/large_room_5",
        "processors": "minecraft:trail_ruins_houses_archaeology",
        "projection": "rigid"
      },
      "weight": 1
    },
    {
      "element": {
        "element_type": "minecraft:single_pool_element",
        "location": "minecraft:village/trail/buildings/one_room_1",
        "processors": "minecraft:trail_ruins_houses_archaeology",
        "projection": "rigid"
      },
      "weight": 1
    },
    {
      "element": {
        "element_type": "minecraft:single_pool_element",
        "location": "minecraft:village/trail/buildings/one_room_2",
        "processors": "minecraft:trail_ruins_houses_archaeology",
        "projection": "rigid"
      },
      "weight": 1
    },
    {
      "element": {
        "element_type": "minecraft:single_pool_element",
        "location": "minecraft:village/trail/buildings/one_room_3",
        "processors": "minecraft:trail_ruins_houses_archaeology",
        "projection": "rigid"
      },
      "weight": 1
    },
    {
      "element": {
        "element_type": "minecraft:single_pool_element",
        "location": "minecraft:village/trail/buildings/one_room_4",
        "processors": "minecraft:trail_ruins_houses_archaeology",
        "projection": "rigid"
      },
      "weight": 1
    },
    {
      "element": {
        "element_type": "minecraft:single_pool_element",
        "location": "minecraft:village/trail/buildings/one_room_5",
        "processors": "minecraft:trail_ruins_houses_archaeology",
        "projection": "rigid"
      },
      "weight": 1
    }
  ],
  "fallback": "minecraft:empty"
}