	{
		"processors": [
			{
				"processor_type": "minecraft:rule",
				"rules": [
					{
						"location_predicate": {
							"predicate_type": "minecraft:always_true"
						},
						"input_predicate": {
							"predicate_type": "minecraft:random_block_match",
							"block": "minecraft:mangrove_planks",
							"probability": 0.55
						},
						"output_state": {
							"Name": "minecraft:mud_bricks"
						}
					},
					{
						"location_predicate": {
							"predicate_type": "minecraft:always_true"
						},
						"input_predicate": {
							"predicate_type": "minecraft:random_block_match",
							"block": "minecraft:mangrove_planks",
							"probability": 0.88
						},
						"output_state": {
							"Name": "minecraft:packed_mud"
						}
					},
					{
						"location_predicate": {
							"predicate_type": "minecraft:always_true"
						},
						"input_predicate": {
							"predicate_type": "minecraft:random_block_match",
							"block": "minecraft:mangrove_planks",
							"probability": 0.1
						},
						"output_state": {
							"Name": "minecraft:mud"
						}
					},
					{
						"location_predicate": {
							"predicate_type": "minecraft:always_true"
						},
						"input_predicate": {
							"predicate_type": "minecraft:random_block_match",
							"block": "minecraft:rail",
							"probability": 0.7
						},
						"output_state": {
							"Name": "minecraft:air"
						}
					},
					{
						"location_predicate": {
							"predicate_type": "minecraft:always_true"
						},
						"input_predicate": {
							"predicate_type": "minecraft:random_block_match",
							"block": "minecraft:chiseled_stone_bricks",
							"probability": 0.5
						},
						"output_state": {
							"Name": "minecraft:infested_chiseled_stone_bricks"
						}
					},
					{
						"location_predicate": {
							"predicate_type": "minecraft:always_true"
						},
						"input_predicate": {
							"predicate_type": "minecraft:random_block_match",
							"block": "minecraft:cobweb",
							"probability": 0.85
						},
						"output_state": {
							"Name": "minecraft:air"
						}
					},
					{
						"location_predicate": {
							"predicate_type": "minecraft:always_true"
						},
						"input_predicate": {
							"predicate_type": "minecraft:random_block_match",
							"block": "minecraft:mangrove_planks",
							"probability": 0.05
						},
						"output_state": {
							"Name": "minecraft:stone"
						}
					},
					{
						"location_predicate": {
							"predicate_type": "minecraft:always_true"
						},
						"input_predicate": {
							"predicate_type": "minecraft:random_block_match",
							"block": "minecraft:mangrove_log",
							"probability": 0.4
						},
						"output_state": {
							"Name": "minecraft:mud_bricks"
						}
					},
					{
						"location_predicate": {
							"predicate_type": "minecraft:always_true"
						},
						"input_predicate": {
							"predicate_type": "minecraft:random_blockstate_match",
							"block_state": {
								"Name": "minecraft:mangrove_planks"
							},
							"probability": 0.05
						},
						"output_state": {
							"Name": "minecraft:mud_brick_slab",
							"Properties": {
								"type": "bottom",
								"waterlogged": "false"
							}
						}
					}
				]
			}
		]
	}
