{
    "structures": [
        {
            "structure": "hopo:acacia_mineshaft",
            "weight": 10
        },
        {
            "structure": "hopo:bamboo_mineshaft",
            "weight": 10
        },
        {
            "structure": "hopo:birch_mineshaft",
            "weight": 10
        },
        {
            "structure": "hopo:cherry_mineshaft",
            "weight": 10
        },
        {
            "structure": "hopo:dark_oak_mineshaft",
            "weight": 10
        },
        {
            "structure": "hopo:jungle_mineshaft",
            "weight": 10
        },
        {
            "structure": "hopo:oak_mineshaft",
            "weight": 10
        },
        {
            "structure": "hopo:spruce_mineshaft",
            "weight": 10
        },
        {
            "structure": "hopo:mangrove_mineshaft",
            "weight": 10
        },
        {
            "structure": "hopo:mud_mineshaft",
            "weight": 10
        },
        {
            "structure": "hopo:stone_mineshaft",
            "weight": 10
        },
        {
            "structure": "hopo:deepslate_mineshaft",
            "weight": 10
        }
    ],
    "placement": {
        "type": "minecraft:random_spread",
        "spacing": 26,
        "separation": 22,
        "salt": 987654321    
    }
}