{
  "type": "minecraft:flat_cache",
  "argument": {
    "type": "minecraft:cache_2d",
    "argument": {
      "type": "minecraft:spline",
      "spline": {
        "coordinate": {
          "type": "minecraft:flat_cache",
          "argument": {
            "type": "minecraft:shifted_noise",
            "noise": "minecraft:continentalness",
            "xz_scale": 0.25,
            "y_scale": 0,
            "shift_x": "minecraft:shift_x",
            "shift_y": 0,
            "shift_z": "minecraft:shift_z"
          }
        },
        "points": [
          {
            "location": -1.05,
            "derivative": 0.2,
            "value": -1.2
          },
          {
            "location": -0.9,
            "derivative": 0.2,
            "value": -0.95
          },
          {
            "location": -0.05,
            "derivative": 1.8,
            "value": -0.19
          },
          {
            "location": 1,
            "derivative": 1.2,
            "value": 1
          }
        ]
      }
    }
  }
}