{
  "type": "minecraft:mul",
  "argument1": {
    "type": "minecraft:spline",
    "spline": {
      "coordinate": "minecraft:y",
      "points": [
        {
          "location": -58,
          "derivative": 0,
          "value": -10
        },
        {
          "location": -50,
          "derivative": 1,
          "value": -20
        },
        {
          "location": -42,
          "derivative": 0,
          "value": 0
        }
      ]
    }
  },
  "argument2": {
    "type": "minecraft:max",
    "argument1": 0,
    "argument2": {
      "type": "minecraft:add",
      "argument1": {
        "type": "minecraft:add",
        "argument1": 0.05,
        "argument2": {
          "type": "minecraft:mul",
          "argument1": 0.1,
          "argument2": {
            "type": "minecraft:noise",
            "noise": "minecraft:spaghetti_2d_thickness",
            "xz_scale": 8,
            "y_scale": 0
          }
        }
      },
      "argument2": {
        "type": "minecraft:mul",
        "argument1": -1,
        "argument2": {
          "type": "minecraft:abs",
          "argument": {
            "type": "minecraft:noise",
            "noise": "minecraft:spaghetti_2d",
            "xz_scale": 0.5,
            "y_scale": 0
          }
        }
      }
    }
  }
}
