{
    "pools": [
        {
            "rolls": {
                "min": 4,
                "max": 6
            },
            "entries": [
                {
                    "type": "minecraft:item",
                    "weight": 2,
                    "name": "minecraft:lead"
                },
                {
                    "type": "minecraft:item",
                    "weight": 4,
                    "name": "minecraft:bowl",
                    "functions": [
                        {
                            "function": "minecraft:set_count",
                            "count": {
                                "min": 0,
                                "max": 2
                            },
                            "add": false
                        }
                    ]
                },
                {
                    "type": "minecraft:item",
                    "weight": 2,
                    "name": "minecraft:paper",
                    "functions": [
                        {
                            "function": "minecraft:set_count",
                            "count": {
                                "min": 1,
                                "max": 3
                            },
                            "add": false
                        }
                    ]
                },
                {
                    "type": "minecraft:item",
                    "weight": 5,
                    "name": "minecraft:rotten_flesh",
                    "functions": [
                        {
                            "function": "minecraft:set_count",
                            "count": {
                                "min": 1,
                                "max": 2
                            },
                            "add": false
                        }
                    ]
                },
                {
                    "type": "minecraft:item",
                    "weight": 4,
                    "name": "minecraft:bucket"
                }
            ]
        }
    ]
}