{
	"type": "minecraft:chest",
	"pools": [
		{
			"rolls": {
				"type": "minecraft:uniform",
				"min": 4,
				"max": 7
			},
			"bonus_rolls": 0,
			"entries": [
				{
					"type": "minecraft:item",
					"weight": 2,
					"name": "minecraft:potion",
					"functions": [
						{
							"function": "minecraft:set_nbt",
							"tag": "{CustomPotionEffects:[{Id:26b,Amplifier:0b,Duration:3600}],CustomPotionColor:3734016}"
						},
						{
							"function": "minecraft:set_name",
							"name": [
								{
									"text": "Potion of Luck",
									"italic": false
								}
							]
						}
					]
				},
				{
					"type": "minecraft:item",
					"weight": 2,
					"name": "minecraft:potion",
					"functions": [
						{
							"function": "minecraft:set_nbt",
							"tag": "{CustomPotionEffects:[{Id:22b,Amplifier:4b,Duration:3600}],CustomPotionColor:16773678}"
						},
						{
							"function": "minecraft:set_name",
							"name": [
								{
									"text": "Potion of Absorption",
									"italic": false
								}
							]
						}
					]
				},
				{
					"type": "minecraft:item",
					"weight": 1,
					"name": "minecraft:potion",
					"functions": [
						{
							"function": "minecraft:set_nbt",
							"tag": "{CustomPotionEffects:[{Id:21b,Amplifier:0b,Duration:1200}],CustomPotionColor:16726313}"
						},
						{
							"function": "minecraft:set_name",
							"name": [
								{
									"text": "Potion of Health Boost",
									"italic": false
								}
							]
						}
					]
				},
				{
					"type": "minecraft:item",
					"weight": 2,
					"name": "minecraft:potion",
					"functions": [
						{
							"function": "minecraft:set_nbt",
							"tag": "{CustomPotionEffects:[{Id:30b,Amplifier:0b,Duration:3600}],CustomPotionColor:13149152}"
						},
						{
							"function": "minecraft:set_name",
							"name": [
								{
									"text": "Potion of Dolphin’s Grace",
									"italic": false
								}
							]
						}
					]
				},
				{
					"type": "minecraft:item",
					"weight": 1,
					"name": "minecraft:potion",
					"functions": [
						{
							"function": "minecraft:set_nbt",
							"tag": "{CustomPotionEffects:[{Id:13b,Amplifier:0b,Duration:3600}],CustomPotionColor:2960375}"
						},
						{
							"function": "minecraft:set_name",
							"name": [
								{
									"text": "Potion of Water Breathing",
									"italic": false
								}
							]
						}
					]
				},
				{
					"type": "minecraft:item",
					"weight": 1,
					"name": "minecraft:potion",
					"functions": [
						{
							"function": "minecraft:set_nbt",
							"tag": "{CustomPotionEffects:[{Id:29b,Amplifier:0b,Duration:1200}],CustomPotionColor:6160084}"
						},
						{
							"function": "minecraft:set_name",
							"name": [
								{
									"text": "Potion of Conduit",
									"italic": false
								}
							]
						}
					]
				},
				{
					"type": "minecraft:item",
					"weight": 1,
					"name": "minecraft:trident",
					"functions": [
						{
							"function": "minecraft:set_damage",
							"damage": {
								"min": 0.05,
								"max": 0.2
							},
							"add": false
						},
						{
							"function": "minecraft:enchant_with_levels",
							"levels": {
								"min": 15,
								"max": 30
							},
							"treasure": true
						}
					]
				},
				{
					"type": "minecraft:item",
					"weight": 1,
					"name": "minecraft:trident",
					"functions": [
						{
							"function": "minecraft:set_damage",
							"damage": {
								"min": 0.05,
								"max": 0.2
							},
							"add": false
						}
					]
				},
				{
					"type": "minecraft:item",
					"weight": 10,
					"name": "minecraft:book",
					"functions": [
						{
							"function": "minecraft:enchant_randomly",
							"enchantments": [
								"minecraft:riptide",
								"minecraft:impaling",
								"minecraft:loyalty",
								"minecraft:channeling",
								"minecraft:depth_strider",
								"minecraft:mending",
								"minecraft:unbreaking",
								"minecraft:aqua_affinity",
								"minecraft:respiration",
								"minecraft:thorns",
								"minecraft:frost_walker"
							]
						}
					]
				},
				{
					"type": "minecraft:item",
					"weight": 2,
					"name": "minecraft:gold_block",
					"functions": [
						{
							"function": "minecraft:set_count",
							"count": {
								"min": 0,
								"max": 1
							},
							"add": false
						}
					]
				},
				{
					"type": "minecraft:item",
					"weight": 6,
					"name": "minecraft:gold_ingot",
					"functions": [
						{
							"function": "minecraft:set_count",
							"count": {
								"min": 1,
								"max": 2
							},
							"add": false
						}
					]
				},
				{
					"type": "minecraft:item",
					"weight": 8,
					"name": "minecraft:prismarine_crystals",
					"functions": [
						{
							"function": "minecraft:set_count",
							"count": {
								"min": 8,
								"max": 20
							},
							"add": false
						}
					]
				},
				{
					"type": "minecraft:item",
					"weight": 7,
					"name": "minecraft:prismarine_shard",
					"functions": [
						{
							"function": "minecraft:set_count",
							"count": {
								"min": 8,
								"max": 20
							},
							"add": false
						}
					]
				},
				{
					"type": "minecraft:item",
					"weight": 6,
					"name": "minecraft:wet_sponge",
					"functions": [
						{
							"function": "minecraft:set_count",
							"count": {
								"min": 1,
								"max": 4
							},
							"add": false
						}
					]
				},
				{
					"type": "minecraft:item",
					"weight": 6,
					"name": "minecraft:sponge",
					"functions": [
						{
							"function": "minecraft:set_count",
							"count": {
								"min": 1,
								"max": 3
							},
							"add": false
						}
					]
				},
				{
					"type": "minecraft:item",
					"weight": 8,
					"name": "minecraft:sea_lantern",
					"functions": [
						{
							"function": "minecraft:set_count",
							"count": {
								"min": 2,
								"max": 7
							},
							"add": false
						}
					]
				},
				{
					"type": "minecraft:item",
					"weight": 11,
					"name": "minecraft:prismarine",
					"functions": [
						{
							"function": "minecraft:set_count",
							"count": {
								"min": 6,
								"max": 16
							},
							"add": false
						}
					]
				},
				{
					"type": "minecraft:item",
					"weight": 10,
					"name": "minecraft:dark_prismarine",
					"functions": [
						{
							"function": "minecraft:set_count",
							"count": {
								"min": 6,
								"max": 16
							},
							"add": false
						}
					]
				},
				{
					"type": "minecraft:item",
					"weight": 10,
					"name": "minecraft:prismarine_bricks",
					"functions": [
						{
							"function": "minecraft:set_count",
							"count": {
								"min": 6,
								"max": 16
							},
							"add": false
						}
					]
				}
			]
		}
	]
}
