{
	"name": "minecraft:witch_hut",
	"fallback": "minecraft:empty",
	"elements": [
		{
			"weight": 3,
			"element": {
				"element_type": "minecraft:single_pool_element",
				"location": "minecraft:witch_hut/witch_hut_1",
				"projection": "rigid",
				"processors": "minecraft:empty"
			}
		},
		{
			"weight": 3,
			"element": {
				"element_type": "minecraft:single_pool_element",
				"location": "minecraft:witch_hut/witch_hut_2",
				"projection": "rigid",
				"processors": "minecraft:empty"
			}
		},
		{
			"weight": 3,
			"element": {
				"element_type": "minecraft:single_pool_element",
				"location": "minecraft:witch_hut/witch_hut_3",
				"projection": "rigid",
				"processors": "minecraft:empty"
			}
		}
	]
}
