{
    "pools": [
        {
            "rolls": {
                "min": 1,
                "max": 4
            },
            "entries": [
                {
                    "type": "minecraft:item",
                    "weight": 2,
                    "name": "minecraft:splash_potion",
                    "functions": [
                        {
                            "function": "minecraft:set_name",
                            "name": {
                                "text": "Potion of Hunger",
                                "italic": false
                            }
                        },
                        {
                            "function": "minecraft:set_nbt",
                            "tag": "{CustomPotionEffects:[{Id:17b,Amplifier:3b,Duration:400}],CustomPotionColor:15924992}"
                        }
                    ]
                },
                {
                    "type": "minecraft:item",
                    "weight": 2,
                    "name": "minecraft:splash_potion",
                    "functions": [
                        {
                            "function": "minecraft:set_name",
                            "name": {
                                "text": "Potion of Nausea",
                                "italic": false
                            }
                        },
                        {
                            "function": "minecraft:set_nbt",
                            "tag": "{CustomPotionEffects:[{Id:9b,Amplifier:0b,Duration:400}],CustomPotionColor:65395}"
                        }
                    ]
                },
                {
                    "type": "minecraft:item",
                    "weight": 2,
                    "name": "minecraft:splash_potion",
                    "functions": [
                        {
                            "function": "minecraft:set_count",
                            "count": 1
                        },
                        {
                            "function": "minecraft:set_name",
                            "name": {
                                "text": "Potion of Blindness",
                                "italic": false
                            }
                        },
                        {
                            "function": "minecraft:set_nbt",
                            "tag": "{CustomPotionEffects:[{Id:15b,Amplifier:0b,Duration:400}],CustomPotionColor:2367777}"
                        }
                    ]
                },
                {
                    "type": "minecraft:item",
                    "weight": 2,
                    "name": "minecraft:splash_potion",
                    "functions": [
                        {
                            "function": "minecraft:set_potion",
                            "id": "minecraft:strong_poison"
                        }
                    ]
                },
                {
                    "type": "minecraft:item",
                    "weight": 2,
                    "name": "minecraft:splash_potion",
                    "functions": [
                        {
                            "function": "minecraft:set_potion",
                            "id": "minecraft:strong_slowness"
                        }
                    ]
                },
                {
                    "type": "minecraft:item",
                    "weight": 2,
                    "name": "minecraft:splash_potion",
                    "functions": [
                        {
                            "function": "minecraft:set_potion",
                            "id": "minecraft:strong_harming"
                        }
                    ]
                },
                {
                    "type": "minecraft:item",
                    "weight": 1,
                    "name": "minecraft:tnt"
                }
            ]
        }
    ]
}
