{
  "elements": [
    {
      "element": {
        "element_type": "minecraft:single_pool_element",
        "location": "minecraft:village/trail/tower/tower_top_1",
        "processors": "minecraft:trail_ruins_tower_top_archaeology",
        "projection": "rigid"
      },
      "weight": 1
    },
    {
      "element": {
        "element_type": "minecraft:single_pool_element",
        "location": "minecraft:village/trail/tower/tower_top_2",
        "processors": "minecraft:trail_ruins_tower_top_archaeology",
        "projection": "rigid"
      },
      "weight": 1
    },
    {
      "element": {
        "element_type": "minecraft:single_pool_element",
        "location": "minecraft:village/trail/tower/tower_top_3",
        "processors": "minecraft:trail_ruins_tower_top_archaeology",
        "projection": "rigid"
      },
      "weight": 1
    },
    {
      "element": {
        "element_type": "minecraft:single_pool_element",
        "location": "minecraft:village/trail/tower/tower_top_4",
        "processors": "minecraft:trail_ruins_tower_top_archaeology",
        "projection": "rigid"
      },
      "weight": 1
    },
    {
      "element": {
        "element_type": "minecraft:single_pool_element",
        "location": "minecraft:village/trail/tower/tower_top_5",
        "processors": "minecraft:trail_ruins_tower_top_archaeology",
        "projection": "rigid"
      },
      "weight": 1
    }
  ],
  "fallback": "minecraft:empty"
}