{
    "name": "hopo:oak_mineshaft",
    "fallback": "hopo:oak_mineshaft",
    "elements": [
        {
            "weight": 90,
            "element": {
                "element_type": "minecraft:single_pool_element",
                "location": "hopo:mineshaft/oak/path",
                "projection": "rigid",
                "processors": "hopo:oak/degraded"
            }
        },
        {
            "weight": 90,
            "element": {
                "element_type": "minecraft:single_pool_element",
                "location": "hopo:mineshaft/oak/path_alt",
                "projection": "rigid",
                "processors": "hopo:oak/degraded"
            }
        },
        {
            "weight": 94,
            "element": {
                "element_type": "minecraft:single_pool_element",
                "location": "hopo:mineshaft/oak/path_1",
                "projection": "rigid",
                "processors": "hopo:oak/degraded"
            }
        },
        {
            "weight": 94,
            "element": {
                "element_type": "minecraft:single_pool_element",
                "location": "hopo:mineshaft/oak/path_1_alt",
                "projection": "rigid",
                "processors": "hopo:oak/degraded"
            }
        },
        {
            "weight": 90,
            "element": {
                "element_type": "minecraft:single_pool_element",
                "location": "hopo:mineshaft/oak/pathlong_1",
                "projection": "rigid",
                "processors": "hopo:oak/degraded"
            }
        },
        {
            "weight": 90,
            "element": {
                "element_type": "minecraft:single_pool_element",
                "location": "hopo:mineshaft/oak/pathlong_2",
                "projection": "rigid",
                "processors": "hopo:oak/degraded"
            }
        },
        {
            "weight": 100,
            "element": {
                "element_type": "minecraft:single_pool_element",
                "location": "hopo:mineshaft/oak/pathlong_3",
                "projection": "rigid",
                "processors": "hopo:oak/degraded"
            }
        },
        {
            "weight": 15,
            "element": {
                "element_type": "minecraft:single_pool_element",
                "location": "hopo:mineshaft/oak/trap/trap_1",
                "projection": "rigid",
                "processors": "hopo:oak/degradedtrap"
            }
        },
        {
            "weight": 15,
            "element": {
                "element_type": "minecraft:single_pool_element",
                "location": "hopo:mineshaft/oak/trap/trap_2",
                "projection": "rigid",
                "processors": "hopo:oak/degradedtrap"
            }
        },
        {
            "weight": 17,
            "element": {
                "element_type": "minecraft:single_pool_element",
                "location": "hopo:mineshaft/oak/trap/trap_3",
                "projection": "rigid",
                "processors": "hopo:oak/degradedtrap"
            }
        },
        {
            "weight": 17,
            "element": {
                "element_type": "minecraft:single_pool_element",
                "location": "hopo:mineshaft/oak/trap/trap_4",
                "projection": "rigid",
                "processors": "hopo:oak/degradedtrap"
            }
        },
        {
            "weight": 15,
            "element": {
                "element_type": "minecraft:single_pool_element",
                "location": "hopo:mineshaft/oak/trap/trap_5",
                "projection": "rigid",
                "processors": "hopo:oak/degradedtrap"
            }
        },
        {
            "weight": 97,
            "element": {
                "element_type": "minecraft:single_pool_element",
                "location": "hopo:mineshaft/oak/entrance",
                "projection": "rigid",
                "processors": "hopo:oak/degradedentrance"
            }
        },
        {
            "weight": 97,
            "element": {
                "element_type": "minecraft:single_pool_element",
                "location": "hopo:mineshaft/oak/entrance_alt",
                "projection": "rigid",
                "processors": "hopo:oak/degradedentrance"
            }
        },
        {
            "weight": 97,
            "element": {
                "element_type": "minecraft:single_pool_element",
                "location": "hopo:mineshaft/oak/entrance_1",
                "projection": "rigid",
                "processors": "hopo:oak/degradedentrance"
            }
        },
        {
            "weight": 97,
            "element": {
                "element_type": "minecraft:single_pool_element",
                "location": "hopo:mineshaft/oak/entrance_1_alt",
                "projection": "rigid",
                "processors": "hopo:oak/degradedentrance"
            }
        },
        {
            "weight": 85,
            "element": {
                "element_type": "minecraft:single_pool_element",
                "location": "hopo:mineshaft/oak/turn",
                "projection": "rigid",
                "processors": "hopo:oak/degraded"
            }
        },
        {
            "weight": 92,
            "element": {
                "element_type": "minecraft:single_pool_element",
                "location": "hopo:mineshaft/oak/turn_1",
                "projection": "rigid",
                "processors": "hopo:oak/degraded"
            }
        },
        {
            "weight": 92,
            "element": {
                "element_type": "minecraft:single_pool_element",
                "location": "hopo:mineshaft/oak/turn_2",
                "projection": "rigid",
                "processors": "hopo:oak/degraded"
            }
        },
        {
            "weight": 22,
            "element": {
                "element_type": "minecraft:single_pool_element",
                "location": "hopo:mineshaft/oak/down",
                "projection": "rigid",
                "processors": "hopo:oak/degraded"
            }
        },
        {
            "weight": 22,
            "element": {
                "element_type": "minecraft:single_pool_element",
                "location": "hopo:mineshaft/oak/down_2",
                "projection": "rigid",
                "processors": "hopo:oak/degradeddown"
            }
        },
        {
            "weight": 25,
            "element": {
                "element_type": "minecraft:single_pool_element",
                "location": "hopo:mineshaft/oak/down_3",
                "projection": "rigid",
                "processors": "hopo:oak/degradeddown"
            }
        },
        {
            "weight": 20,
            "element": {
                "element_type": "minecraft:single_pool_element",
                "location": "hopo:mineshaft/oak/down_4",
                "projection": "rigid",
                "processors": "hopo:oak/degradeddown"
            }
        },
        {
            "weight": 33,
            "element": {
                "element_type": "minecraft:single_pool_element",
                "location": "hopo:mineshaft/oak/down_5",
                "projection": "rigid",
                "processors": "hopo:oak/degradeddown"
            }
        }
    ]
}