{
	"type": "minecraft:archaeology",
	"pools": [
		{
			"rolls": 1,
			"bonus_rolls": 0,
			"entries": [
				{
					"type": "minecraft:item",
					"weight": 1,
					"name": "minecraft:book",
					"functions": [
						{
							"function": "minecraft:enchant_randomly",
							"enchantments": [
								"minecraft:riptide",
								"minecraft:impaling",
								"minecraft:loyalty",
								"minecraft:channeling",
								"minecraft:depth_strider",
								"minecraft:mending",
								"minecraft:unbreaking",
								"minecraft:aqua_affinity",
								"minecraft:respiration",
								"minecraft:thorns",
								"minecraft:frost_walker"
							]
						}
					]
				},
				{
					"type": "minecraft:item",
					"weight": 8,
					"name": "minecraft:blade_pottery_sherd"
				},
				{
					"type": "minecraft:item",
					"weight": 8,
					"name": "minecraft:explorer_pottery_sherd"
				},
				{
					"type": "minecraft:item",
					"weight": 8,
					"name": "minecraft:mourner_pottery_sherd"
				},
				{
					"type": "minecraft:item",
					"weight": 8,
					"name": "minecraft:plenty_pottery_sherd"
				},
				{
					"type": "minecraft:item",
					"weight": 3,
					"name": "minecraft:skull_pottery_sherd"
				},
				{
					"type": "minecraft:item",
					"weight": 1,
					"name": "minecraft:shield",
					"functions": [
						{
							"function": "minecraft:enchant_randomly"
						},
						{
							"function": "minecraft:set_damage",
							"damage": {
								"min": 0.05,
								"max": 0.2
							},
							"add": false
						}
					]
				},
				{
					"type": "minecraft:item",
					"weight": 1,
					"name": "minecraft:spyglass"
				},
				{
					"type": "minecraft:item",
					"weight": 1,
					"name": "minecraft:clock"
				},
				{
					"type": "minecraft:item",
					"weight": 1,
					"name": "minecraft:compass"
				},
				{
					"type": "minecraft:item",
					"weight": 2,
					"name": "minecraft:coal_block"
				},
				{
					"type": "minecraft:item",
					"weight": 2,
					"name": "minecraft:bone_block"
				},
				{
					"type": "minecraft:item",
					"weight": 2,
					"name": "minecraft:oxidized_copper"
				},
				{
					"type": "minecraft:item",
					"weight": 2,
					"name": "minecraft:iron_axe",
					"functions": [
						{
							"function": "minecraft:set_damage",
							"damage": {
								"min": 0.05,
								"max": 0.1
							},
							"add": false
						},
						{
							"function": "minecraft:enchant_with_levels",
							"levels": 30
						}
					]
				},
				{
					"type": "minecraft:item",
					"weight": 1,
					"name": "minecraft:wheat"
				},
				{
					"type": "minecraft:item",
					"weight": 1,
					"name": "minecraft:emerald"
				},
				{
					"type": "minecraft:item",
					"weight": 4,
					"name": "minecraft:coast_armor_trim_smithing_template"
				},
				{
					"type": "minecraft:item",
					"weight": 3,
					"name": "minecraft:globe_banner_pattern"
				},
				{
					"type": "minecraft:item",
					"weight": 1,
					"name": "minecraft:trident",
					"functions": [
						{
							"function": "minecraft:enchant_randomly"
						},
						{
							"function": "minecraft:set_damage",
							"damage": {
								"min": 0.05,
								"max": 0.1
							},
							"add": false
						}
					]
				},
				{
					"type": "minecraft:item",
					"weight": 2,
					"name": "minecraft:turtle_egg"
				},
				{
					"type": "minecraft:item",
					"weight": 5,
					"name": "minecraft:nautilus_shell"
				},
				{
					"type": "minecraft:item",
					"weight": 4,
					"name": "minecraft:tnt"
				},
				{
					"type": "minecraft:item",
					"weight": 1,
					"name": "minecraft:crossbow",
					"functions": [
						{
							"function": "minecraft:enchant_with_levels",
							"levels": 30,
							"treasure": false
						},
						{
							"function": "minecraft:set_damage",
							"damage": {
								"min": 0.05,
								"max": 0.1
							},
							"add": false
						}
					]
				},
				{
					"type": "minecraft:item",
					"weight": 1,
					"name": "minecraft:bow",
					"functions": [
						{
							"function": "minecraft:enchant_with_levels",
							"levels": 30,
							"treasure": false
						},
						{
							"function": "minecraft:set_damage",
							"damage": {
								"min": 0.05,
								"max": 0.1
							},
							"add": false
						}
					]
				},
				{
					"type": "minecraft:item",
					"weight": 1,
					"name": "minecraft:fishing_rod",
					"functions": [
						{
							"function": "minecraft:set_damage",
							"damage": {
								"min": 0.05,
								"max": 0.1
							},
							"add": false
						},
						{
							"function": "minecraft:enchant_with_levels",
							"levels": 30
						}
					]
				},
				{
					"type": "minecraft:item",
					"weight": 1,
					"name": "minecraft:chainmail_helmet",
					"functions": [
						{
							"function": "minecraft:enchant_with_levels",
							"levels": 30
						},
						{
							"function": "minecraft:set_damage",
							"damage": {
								"min": 0.45,
								"max": 0.7
							},
							"add": false
						},
						{
							"function": "minecraft:set_nbt",
							"tag": "{Trim:{pattern:coast,material:lapis}}"
						}
					]
				},
				{
					"type": "minecraft:item",
					"weight": 1,
					"name": "minecraft:chainmail_chestplate",
					"functions": [
						{
							"function": "minecraft:enchant_with_levels",
							"levels": 30
						},
						{
							"function": "minecraft:set_damage",
							"damage": {
								"min": 0.45,
								"max": 0.7
							},
							"add": false
						},
						{
							"function": "minecraft:set_nbt",
							"tag": "{Trim:{pattern:coast,material:lapis}}"
						}
					]
				},
				{
					"type": "minecraft:item",
					"weight": 1,
					"name": "minecraft:chainmail_leggings",
					"functions": [
						{
							"function": "minecraft:enchant_with_levels",
							"levels": 30
						},
						{
							"function": "minecraft:set_damage",
							"damage": {
								"min": 0.45,
								"max": 0.7
							},
							"add": false
						},
						{
							"function": "minecraft:set_nbt",
							"tag": "{Trim:{pattern:coast,material:lapis}}"
						}
					]
				},
				{
					"type": "minecraft:item",
					"weight": 1,
					"name": "minecraft:chainmail_boots",
					"functions": [
						{
							"function": "minecraft:enchant_with_levels",
							"levels": 30
						},
						{
							"function": "minecraft:set_damage",
							"damage": {
								"min": 0.45,
								"max": 0.7
							},
							"add": false
						},
						{
							"function": "minecraft:set_nbt",
							"tag": "{Trim:{pattern:coast,material:lapis}}"
						}
					]
				},
				{
					"type": "minecraft:item",
					"weight": 2,
					"name": "minecraft:skeleton_skull"
				},
				{
					"type": "minecraft:item",
					"weight": 1,
					"name": "minecraft:skull_banner_pattern"
				},
				{
					"type": "minecraft:item",
					"weight": 1,
					"name": "minecraft:ender_eye"
				},
				{
					"type": "minecraft:item",
					"weight": 2,
					"name": "minecraft:gray_banner",
					"functions": [
						{
							"function": "minecraft:set_name",
							"name": {
								"text": "Guardian Banner",
								"italic": false
							}
						},
						{
							"function": "minecraft:set_nbt",
							"tag": "{BlockEntityTag:{Patterns:[{Pattern:gru,Color:9},{Pattern:flo,Color:0},{Pattern:mc,Color:14},{Pattern:hh,Color:9},{Pattern:tts,Color:1},{Pattern:bts,Color:1}]}}"
						}
					]
				},
				{
					"type": "minecraft:item",
					"weight": 1,
					"name": "minecraft:suspicious_stew",
					"functions": [
						{
							"function": "minecraft:set_stew_effect",
							"effects": [
								{
									"type": "minecraft:weakness",
									"duration": {
										"min": 20,
										"max": 40
									}
								},
								{
									"type": "minecraft:poison",
									"duration": {
										"min": 10,
										"max": 20
									}
								},
								{
									"type": "minecraft:night_vision",
									"duration": {
										"min": 20,
										"max": 40
									}
								},
								{
									"type": "minecraft:saturation",
									"duration": {
										"min": 7,
										"max": 10
									}
								},
								{
									"type": "minecraft:jump_boost",
									"duration": {
										"min": 20,
										"max": 40
									}
								},
								{
									"type": "minecraft:blindness",
									"duration": {
										"min": 10,
										"max": 20
									}
								},
								{
									"type": "minecraft:haste",
									"duration": {
										"min": 20,
										"max": 40
									}
								},
								{
									"type": "minecraft:speed",
									"duration": {
										"min": 20,
										"max": 40
									}
								},
								{
									"type": "minecraft:water_breathing",
									"duration": {
										"min": 20,
										"max": 40
									}
								},
								{
									"type": "minecraft:regeneration",
									"duration": {
										"min": 10,
										"max": 20
									}
								},
								{
									"type": "minecraft:strength",
									"duration": {
										"min": 10,
										"max": 20
									}
								},
								{
									"type": "minecraft:absorption",
									"duration": {
										"min": 10,
										"max": 20
									}
								},
								{
									"type": "minecraft:conduit_power",
									"duration": {
										"min": 10,
										"max": 20
									}
								},
								{
									"type": "minecraft:health_boost",
									"duration": {
										"min": 10,
										"max": 20
									}
								},
								{
									"type": "minecraft:dolphins_grace",
									"duration": {
										"min": 10,
										"max": 20
									}
								}
							]
						}
					]
				},
				{
					"type": "minecraft:item",
					"weight": 2,
					"name": "minecraft:scute"
				},
				{
					"type": "minecraft:item",
					"weight": 2,
					"name": "minecraft:barrel",
					"functions": [
						{
							"function": "minecraft:set_nbt",
							"tag": "{BlockEntityTag:{LootTable:\"chests/buried_treasure\"}}"
						}
					]
				},
				{
					"type": "minecraft:item",
					"weight": 2,
					"name": "minecraft:barrel",
					"functions": [
						{
							"function": "minecraft:set_nbt",
							"tag": "{BlockEntityTag:{LootTable:\"chests/underwater_ruin_big\"}}"
						}
					]
				},
				{
					"type": "minecraft:item",
					"weight": 2,
					"name": "minecraft:barrel",
					"functions": [
						{
							"function": "minecraft:set_nbt",
							"tag": "{BlockEntityTag:{LootTable:\"chests/shipwreck_map\"}}"
						}
					]
				},
				{
					"type": "minecraft:item",
					"weight": 2,
					"name": "minecraft:barrel",
					"functions": [
						{
							"function": "minecraft:set_nbt",
							"tag": "{BlockEntityTag:{LootTable:\"chests/shipwreck_supply\"}}"
						}
					]
				},
				{
					"type": "minecraft:item",
					"weight": 2,
					"name": "minecraft:barrel",
					"functions": [
						{
							"function": "minecraft:set_nbt",
							"tag": "{BlockEntityTag:{LootTable:\"chests/shipwreck_treasure\"}}"
						}
					]
				},
				{
					"type": "minecraft:item",
					"weight": 1,
					"name": "minecraft:player_head",
					"functions": [
						{
							"function": "minecraft:set_nbt",
							"tag": "{display:{Name:\"{\\\"text\\\":\\\"Drowned Pirate Head\\\"}\"},SkullOwner:{Id:[I;1637949205,-978304925,-1293147704,978780041],Properties:{textures:[{Value:\"eyJ0ZXh0dXJlcyI6eyJTS0lOIjp7InVybCI6Imh0dHA6Ly90ZXh0dXJlcy5taW5lY3JhZnQubmV0L3RleHR1cmUvYmJlOTRmZDMxYjgyMjIyNDMyZjI3YjYwZDc2NWE1ZDYyMmZkNzZjNGUzYTg4MDdmOWExZDQxZmI3MDdhZmFlMCJ9fX0=\"}]}}}"
						}
					]
				},
				{
					"type": "minecraft:item",
					"weight": 1,
					"name": "minecraft:player_head",
					"functions": [
						{
							"function": "minecraft:set_nbt",
							"tag": "{display:{Name:\"{\\\"text\\\":\\\"Drowned Head\\\"}\"},SkullOwner:{Id:[I;790009440,1639859901,-1397417282,-100772047],Properties:{textures:[{Value:\"eyJ0ZXh0dXJlcyI6eyJTS0lOIjp7InVybCI6Imh0dHA6Ly90ZXh0dXJlcy5taW5lY3JhZnQubmV0L3RleHR1cmUvYzNmN2NjZjYxZGJjM2Y5ZmU5YTYzMzNjZGUwYzBlMTQzOTllYjJlZWE3MWQzNGNmMjIzYjNhY2UyMjA1MSJ9fX0=\"}]}}}"
						}
					]
				},
				{
					"type": "minecraft:item",
					"weight": 1,
					"name": "minecraft:music_disc_11"
				},
				{
					"type": "minecraft:item",
					"weight": 2,
					"name": "minecraft:dried_kelp_block"
				},
				{
					"type": "minecraft:item",
					"weight": 2,
					"name": "minecraft:light_blue_banner",
					"functions": [
						{
							"function": "minecraft:set_name",
							"name": {
								"text": "Monument Banner",
								"italic": false
							}
						},
						{
							"function": "minecraft:set_nbt",
							"tag": "{BlockEntityTag:{Patterns:[{Pattern:sc,Color:15},{Pattern:sc,Color:9},{Pattern:bts,Color:15},{Pattern:bts,Color:9},{Pattern:flo,Color:15},{Pattern:flo,Color:9},{Pattern:tts,Color:15},{Pattern:tts,Color:9}]}}"
						}
					]
				},
				{
					"type": "minecraft:item",
					"weight": 2,
					"name": "minecraft:potion",
					"functions": [
						{
							"function": "minecraft:set_potion",
							"id": "minecraft:strong_healing"
						}
					]
				},
				{
					"type": "minecraft:item",
					"weight": 4,
					"name": "minecraft:potion",
					"functions": [
						{
							"function": "minecraft:set_potion",
							"id": "minecraft:long_water_breathing"
						}
					]
				},
				{
					"type": "minecraft:item",
					"weight": 2,
					"name": "minecraft:potion",
					"functions": [
						{
							"function": "minecraft:set_potion",
							"id": "minecraft:strong_swiftness"
						}
					]
				},
				{
					"type": "minecraft:item",
					"weight": 2,
					"name": "minecraft:potion",
					"functions": [
						{
							"function": "minecraft:set_potion",
							"id": "minecraft:strength"
						}
					]
				}
			]
		}
	],
	"random_sequence": "hopo:archaeology/small_ruins"
}
