{
    "replace": false,
    "values": [
        "minecraft:badlands",
        "minecraft:eroded_badlands",
        "minecraft:wooded_badlands",
        "minecraft:dark_forest",
        {"id": "terralith:forested_highlands", "required": false},
        {"id": "terralith:lavender_forest", "required": false},
        {"id": "terralith:mirage_isles", "required": false},
        {"id": "terralith:sakura_grove", "required": false},
        {"id": "terralith:siberian_grove", "required": false},
        {"id": "wythers:underground", "required": false}
    ]
}