{
  "type": "minecraft:flat_cache",
  "argument": {
    "type": "minecraft:cache_2d",
    "argument": {
      "type": "minecraft:add",
      "argument1": {
        "type": "minecraft:mul",
        "argument1": {
          "type": "minecraft:add",
          "argument1": {
            "type": "minecraft:noise",
            "noise": "tectonic:offset/1",
            "xz_scale": 0.25,
            "y_scale": 0
          },
          "argument2": {
            "type": "minecraft:add",
            "argument1": {
              "type": "minecraft:noise",
              "noise": "tectonic:offset/2",
              "xz_scale": 0.25,
              "y_scale": 0
            },
            "argument2": {
              "type": "minecraft:noise",
              "noise": "tectonic:offset/3",
              "xz_scale": 0.25,
              "y_scale": 0
            }
          }
        },
        "argument2": {
          "type": "minecraft:min",
          "argument1": {
            "type": "minecraft:mul",
            "argument1": "tectonic:legacy/ridges_folded",
            "argument2": 0.5
          },
          "argument2": 0.03
        }
      },
      "argument2": {
        "type": "minecraft:add",
        "argument1": {
          "type": "minecraft:mul",
          "argument1": {
            "type": "minecraft:abs",
            "argument": {
              "type": "minecraft:add",
              "argument1": {
                "type": "minecraft:mul",
                "argument1": {
                  "type": "minecraft:abs",
                  "argument": "tectonic:legacy/ridges_folded"
                },
                "argument2": -1
              },
              "argument2": 0.6
            }
          },
          "argument2": -0.14
        },
        "argument2": 0.075
      }
    }
  }
}