{
    "type": "minecraft:crafting_shaped",
    "pattern": [
        "# #",
        "EJE",
        "EDE"
    ],
    "key": {
        "#": {
            "item": "minecraft:weathered_copper"
        },
        "E": {
            "item": "minecraft:end_stone"
        },
        "J": {
            "item": "minecraft:end_crystal"
        },
        "D": {
            "item": "minecraft:dragon_egg"
        }
    },
    "result": {
        "item": "minecraft:end_portal_frame",
        "count": 1
    }
}